<?xml version="1.0" encoding="UTF-8"?>
<project-private xmlns="http://www.netbeans.org/ns/project-private/1">
    <editor-bookmarks xmlns="http://www.netbeans.org/ns/editor-bookmarks/2" lastBookmarkId="0"/>
    <open-files xmlns="http://www.netbeans.org/ns/projectui-open-files/2">
        <group>
            <file>file:/home/jmuir/NetBeansProjects/ProjectGraphics/src/ca/unbc/cpsc/score4/interfaces/Player.java</file>
            <file>file:/home/jmuir/NetBeansProjects/ProjectGraphics/src/ca/unbc/cpsc/latte/AI1.java</file>
            <file>file:/home/jmuir/NetBeansProjects/ProjectGraphics/src/ca/unbc/cpsc/latte/Peg.java</file>
            <file>file:/home/jmuir/NetBeansProjects/ProjectGraphics/src/ca/unbc/cpsc/latte/Bead.java</file>
            <file>file:/home/jmuir/NetBeansProjects/ProjectGraphics/src/ca/unbc/cpsc/latte/MainClass.java</file>
            <file>file:/home/jmuir/NetBeansProjects/ProjectGraphics/src/ca/unbc/cpsc/score4/interfaces/PlayerColour.java</file>
            <file>file:/home/jmuir/NetBeansProjects/ProjectGraphics/src/ca/unbc/cpsc/latte/Loc3d.java</file>
            <file>file:/home/jmuir/NetBeansProjects/ProjectGraphics/src/ca/unbc/cpsc/score4/interfaces/NotGraphics.java</file>
            <file>file:/home/jmuir/NetBeansProjects/ProjectGraphics/src/ca/unbc/cpsc/latte/Referee1.java</file>
            <file>file:/home/jmuir/NetBeansProjects/ProjectGraphics/src/ca/unbc/cpsc/latte/Board.java</file>
            <file>file:/home/jmuir/NetBeansProjects/ProjectGraphics/src/ca/unbc/cpsc/latte/Line.java</file>
        </group>
    </open-files>
</project-private>
